{
    "Planets": [

       {
        "name": "mercury",
        "avg_dist": 57.9,
        "radius": 2440.5,
        "color": "L_BLUE",
        "a0": 0.38709843,
        "da": 0.00000000,
        "e0": 0.20563661,
        "de": 0.00002123,
        "I0": 7.00559432,
        "dI": -0.00590158,
        "L0": 252.25166724,
        "dL": 149472.67486623,
        "w0": 77.45771895,
        "dw": 0.15940013,
        "Omega0": 48.33961819,
        "dOmega": -0.12214182,
        "b" : 1.0,
        "c" : 1.0,
        "s" : 1.0,
        "f" : 1.0
       },
       {
        "name": "venus",
        "avg_dist": 108.2,
        "radius": 6051.8,
        "color": "RED",
        "a0": 0.72332102,
        "da": -0.00000026,
        "e0": 0.00676399,
        "de": -0.00005107,
        "I0": 3.39777545,
        "dI": 0.00043494,
        "L0": 181.97970850,
        "dL": 58517.81560260,
        "w0": 131.76755713,
        "dw": 0.05679648,
        "Omega0": 76.67261496,
        "dOmega": -0.27274174,
        "b" : 1.0,
        "c" : 1.0,
        "s" : 1.0,
        "f" : 1.0
       },
       {
        "name": "earth",
        "avg_dist": 149.6,
        "radius": 6378.137  ,
        "color": "BLUE",
        "a0": 1.00000018,
        "da": -0.00000003,
        "e0": 0.01673163,
        "de": -0.00003661,
        "I0": -0.00054346,
        "dI": -0.01337178,
        "L0": 100.46691572,
        "dL": 35999.37306329,
        "w0": 102.93005885,
        "dw": 0.31795260,
        "Omega0": -5.11260389,
        "dOmega": -0.24123856,
        "b" : 1.0,
        "c" : 1.0,
        "s" : 1.0,
        "f" : 1.0
       },
       {
        "name": "sun",
        "avg_dist": 0,
        "radius": 695508,
        "color": "YELLOW",
        "a0": 0,
        "da": 0,
        "e0": 0,
        "de": 0,
        "I0": 0,
        "dI": 0,
        "L0": 0,
        "dL": 0,
        "w0": 0,
        "dw": 0,
        "Omega0": 0,
        "dOmega": 0,
        "b" : 0,
        "c" : 0,
        "s" : 0,
        "f" : 0
       }
 
    ]
 }